Day,Time,Channel,Sender_group,Type,Emojis,Characters,Replied,Reply_time_min
Mon,08:12,Signal,Family,Question,1,14,yes,22
Mon,10:03,E-mail,Studies,Info,0,180,yes,240
Mon,12:44,WhatsApp,Friends,Meme,2,3,no,0
Mon,19:30,WhatsApp,Friends,Planning,4,45,yes,6
Tue,07:55,E-mail,Work,Task,0,320,yes,95
Tue,11:20,Signal,Family,Image,1,0,yes,4
Tue,14:10,WhatsApp,Studies,Question,3,28,yes,11
Tue,21:05,Instagram,Friends,Meme,1,0,no,0
Wed,09:00,E-mail,Studies,Info,0,410,no,0
Wed,13:15,WhatsApp,Family,Planning,5,62,yes,18
Wed,16:40,Signal,Friends,Question,2,21,yes,2
Wed,22:30,WhatsApp,Friends,Conversation,8,140,yes,1
Thu,08:30,E-mail,Work,Task,0,260,yes,180
Thu,12:00,WhatsApp,Studies,Meme,6,5,no,0
Thu,15:25,Instagram,Friends,Image,1,0,yes,35
Thu,18:50,Signal,Family,Conversation,7,210,yes,3
Fri,09:45,E-mail,Studies,Info,0,150,no,0
Fri,12:30,WhatsApp,Friends,Planning,9,88,yes,2
Fri,17:15,Signal,Work,Question,1,34,yes,44
Fri,23:40,WhatsApp,Friends,Conversation,12,190,yes,1
Sat,11:10,Instagram,Friends,Meme,3,0,no,0
Sat,14:00,WhatsApp,Family,Image,2,12,yes,25
Sat,20:20,WhatsApp,Friends,Planning,6,70,yes,4
Sun,10:50,Signal,Family,Conversation,5,165,yes,8
Sun,16:30,E-mail,Studies,Info,0,95,no,0
Sun,21:45,WhatsApp,Friends,Meme,4,2,no,0
