Subgroup,Wave,Question_ID,Full_Question,Dimension,Answer,Percentage
total,2026-09-10,ai_sentiment,"Thinking about AI's growing role in society, which of these options comes closest to how you feel, even if none are exactly right?","Thinking about AI's growing role in society, which of these options comes closest to how you feel, even if none are exactly right?",very_excited,4.74
total,2026-09-10,ai_sentiment,"Thinking about AI's growing role in society, which of these options comes closest to how you feel, even if none are exactly right?","Thinking about AI's growing role in society, which of these options comes closest to how you feel, even if none are exactly right?",somewhat_excited,16.67
total,2026-09-10,ai_sentiment,"Thinking about AI's growing role in society, which of these options comes closest to how you feel, even if none are exactly right?","Thinking about AI's growing role in society, which of these options comes closest to how you feel, even if none are exactly right?",somewhat_concerned,34.84
total,2026-09-10,ai_sentiment,"Thinking about AI's growing role in society, which of these options comes closest to how you feel, even if none are exactly right?","Thinking about AI's growing role in society, which of these options comes closest to how you feel, even if none are exactly right?",very_concerned,33.94
total,2026-09-10,ai_sentiment,"Thinking about AI's growing role in society, which of these options comes closest to how you feel, even if none are exactly right?","Thinking about AI's growing role in society, which of these options comes closest to how you feel, even if none are exactly right?",none,9.1
total,2026-09-10,ai_sentiment,"Thinking about AI's growing role in society, which of these options comes closest to how you feel, even if none are exactly right?","Thinking about AI's growing role in society, which of these options comes closest to how you feel, even if none are exactly right?",no_answer,0.71
total,2026-09-10,ai_agency,"Again, thinking about AI, which statement comes closer to your view, even if neither is exactly right?","Again, thinking about AI, which statement comes closer to your view, even if neither is exactly right?",can_shape,17.44
total,2026-09-10,ai_agency,"Again, thinking about AI, which statement comes closer to your view, even if neither is exactly right?","Again, thinking about AI, which statement comes closer to your view, even if neither is exactly right?",inevitable,67.51
total,2026-09-10,ai_agency,"Again, thinking about AI, which statement comes closer to your view, even if neither is exactly right?","Again, thinking about AI, which statement comes closer to your view, even if neither is exactly right?",neither,14.01
total,2026-09-10,ai_agency,"Again, thinking about AI, which statement comes closer to your view, even if neither is exactly right?","Again, thinking about AI, which statement comes closer to your view, even if neither is exactly right?",no_answer,1.04
total,2026-09-10,ai_community_impact,"Thinking about your local community, how much are you seeing each of the following changes because of AI? People are saving time on everyday tasks",People are saving time on everyday tasks,have_seen,20.03
total,2026-09-10,ai_community_impact,"Thinking about your local community, how much are you seeing each of the following changes because of AI? People are saving time on everyday tasks",People are saving time on everyday tasks,starting,28.76
total,2026-09-10,ai_community_impact,"Thinking about your local community, how much are you seeing each of the following changes because of AI? People are saving time on everyday tasks",People are saving time on everyday tasks,expect_soon,15.09
total,2026-09-10,ai_community_impact,"Thinking about your local community, how much are you seeing each of the following changes because of AI? People are saving time on everyday tasks",People are saving time on everyday tasks,dont_expect,14.59
total,2026-09-10,ai_community_impact,"Thinking about your local community, how much are you seeing each of the following changes because of AI? People are saving time on everyday tasks",People are saving time on everyday tasks,not_sure,19.16
total,2026-09-10,ai_community_impact,"Thinking about your local community, how much are you seeing each of the following changes because of AI? People are saving time on everyday tasks",People are saving time on everyday tasks,no_answer,2.36
total,2026-09-10,ai_community_impact,"Thinking about your local community, how much are you seeing each of the following changes because of AI? People are pressured to do more, faster","People are pressured to do more, faster",have_seen,23.19
total,2026-09-10,ai_community_impact,"Thinking about your local community, how much are you seeing each of the following changes because of AI? People are pressured to do more, faster","People are pressured to do more, faster",starting,25.84
total,2026-09-10,ai_community_impact,"Thinking about your local community, how much are you seeing each of the following changes because of AI? People are pressured to do more, faster","People are pressured to do more, faster",expect_soon,21.68
total,2026-09-10,ai_community_impact,"Thinking about your local community, how much are you seeing each of the following changes because of AI? People are pressured to do more, faster","People are pressured to do more, faster",dont_expect,8.5
total,2026-09-10,ai_community_impact,"Thinking about your local community, how much are you seeing each of the following changes because of AI? People are pressured to do more, faster","People are pressured to do more, faster",not_sure,19.28
total,2026-09-10,ai_community_impact,"Thinking about your local community, how much are you seeing each of the following changes because of AI? People are pressured to do more, faster","People are pressured to do more, faster",no_answer,1.51
total,2026-09-10,ai_community_impact,"Thinking about your local community, how much are you seeing each of the following changes because of AI? People are losing connections to others",People are losing connections to others,have_seen,33.1
total,2026-09-10,ai_community_impact,"Thinking about your local community, how much are you seeing each of the following changes because of AI? People are losing connections to others",People are losing connections to others,starting,27.5
total,2026-09-10,ai_community_impact,"Thinking about your local community, how much are you seeing each of the following changes because of AI? People are losing connections to others",People are losing connections to others,expect_soon,14.83
total,2026-09-10,ai_community_impact,"Thinking about your local community, how much are you seeing each of the following changes because of AI? People are losing connections to others",People are losing connections to others,dont_expect,8.5
total,2026-09-10,ai_community_impact,"Thinking about your local community, how much are you seeing each of the following changes because of AI? People are losing connections to others",People are losing connections to others,not_sure,14.87
total,2026-09-10,ai_community_impact,"Thinking about your local community, how much are you seeing each of the following changes because of AI? People are losing connections to others",People are losing connections to others,no_answer,1.2
total,2026-09-10,ai_community_impact,"Thinking about your local community, how much are you seeing each of the following changes because of AI? People are struggling to tell what's real from what's fake",People are struggling to tell what's real from what's fake,have_seen,57.13
total,2026-09-10,ai_community_impact,"Thinking about your local community, how much are you seeing each of the following changes because of AI? People are struggling to tell what's real from what's fake",People are struggling to tell what's real from what's fake,starting,24.39
total,2026-09-10,ai_community_impact,"Thinking about your local community, how much are you seeing each of the following changes because of AI? People are struggling to tell what's real from what's fake",People are struggling to tell what's real from what's fake,expect_soon,8.67
total,2026-09-10,ai_community_impact,"Thinking about your local community, how much are you seeing each of the following changes because of AI? People are struggling to tell what's real from what's fake",People are struggling to tell what's real from what's fake,dont_expect,1.98
total,2026-09-10,ai_community_impact,"Thinking about your local community, how much are you seeing each of the following changes because of AI? People are struggling to tell what's real from what's fake",People are struggling to tell what's real from what's fake,not_sure,6.94
total,2026-09-10,ai_community_impact,"Thinking about your local community, how much are you seeing each of the following changes because of AI? People are struggling to tell what's real from what's fake",People are struggling to tell what's real from what's fake,no_answer,0.89
total,2026-09-10,ai_community_impact,"Thinking about your local community, how much are you seeing each of the following changes because of AI? People are getting better health care",People are getting better health care,have_seen,4.63
total,2026-09-10,ai_community_impact,"Thinking about your local community, how much are you seeing each of the following changes because of AI? People are getting better health care",People are getting better health care,starting,13.82
total,2026-09-10,ai_community_impact,"Thinking about your local community, how much are you seeing each of the following changes because of AI? People are getting better health care",People are getting better health care,expect_soon,20.24
total,2026-09-10,ai_community_impact,"Thinking about your local community, how much are you seeing each of the following changes because of AI? People are getting better health care",People are getting better health care,dont_expect,32.75
total,2026-09-10,ai_community_impact,"Thinking about your local community, how much are you seeing each of the following changes because of AI? People are getting better health care",People are getting better health care,not_sure,27.51
total,2026-09-10,ai_community_impact,"Thinking about your local community, how much are you seeing each of the following changes because of AI? People are getting better health care",People are getting better health care,no_answer,1.03
total,2026-09-10,ai_family_impact,"Thinking about families in America today, how is AI affecting each of the following? Job security",Job security,much_better,1.76
total,2026-09-10,ai_family_impact,"Thinking about families in America today, how is AI affecting each of the following? Job security",Job security,somewhat_better,12.29
total,2026-09-10,ai_family_impact,"Thinking about families in America today, how is AI affecting each of the following? Job security",Job security,somewhat_worse,40.37
total,2026-09-10,ai_family_impact,"Thinking about families in America today, how is AI affecting each of the following? Job security",Job security,much_worse,34.86
total,2026-09-10,ai_family_impact,"Thinking about families in America today, how is AI affecting each of the following? Job security",Job security,no_effect,8.71
total,2026-09-10,ai_family_impact,"Thinking about families in America today, how is AI affecting each of the following? Job security",Job security,no_answer,2.02
total,2026-09-10,ai_family_impact,"Thinking about families in America today, how is AI affecting each of the following? Outlook on the future",Outlook on the future,much_better,4.41
total,2026-09-10,ai_family_impact,"Thinking about families in America today, how is AI affecting each of the following? Outlook on the future",Outlook on the future,somewhat_better,25.89
total,2026-09-10,ai_family_impact,"Thinking about families in America today, how is AI affecting each of the following? Outlook on the future",Outlook on the future,somewhat_worse,35.45
total,2026-09-10,ai_family_impact,"Thinking about families in America today, how is AI affecting each of the following? Outlook on the future",Outlook on the future,much_worse,23.5
total,2026-09-10,ai_family_impact,"Thinking about families in America today, how is AI affecting each of the following? Outlook on the future",Outlook on the future,no_effect,8.48
total,2026-09-10,ai_family_impact,"Thinking about families in America today, how is AI affecting each of the following? Outlook on the future",Outlook on the future,no_answer,2.27
total,2026-09-10,ai_family_impact,"Thinking about families in America today, how is AI affecting each of the following? Children's well-being",Children's well-being,much_better,3.83
total,2026-09-10,ai_family_impact,"Thinking about families in America today, how is AI affecting each of the following? Children's well-being",Children's well-being,somewhat_better,17.47
total,2026-09-10,ai_family_impact,"Thinking about families in America today, how is AI affecting each of the following? Children's well-being",Children's well-being,somewhat_worse,33.09
total,2026-09-10,ai_family_impact,"Thinking about families in America today, how is AI affecting each of the following? Children's well-being",Children's well-being,much_worse,30.57
total,2026-09-10,ai_family_impact,"Thinking about families in America today, how is AI affecting each of the following? Children's well-being",Children's well-being,no_effect,12.19
total,2026-09-10,ai_family_impact,"Thinking about families in America today, how is AI affecting each of the following? Children's well-being",Children's well-being,no_answer,2.85
total,2026-09-10,ai_family_impact,"Thinking about families in America today, how is AI affecting each of the following? Household finances",Household finances,much_better,3.91
total,2026-09-10,ai_family_impact,"Thinking about families in America today, how is AI affecting each of the following? Household finances",Household finances,somewhat_better,24.25
total,2026-09-10,ai_family_impact,"Thinking about families in America today, how is AI affecting each of the following? Household finances",Household finances,somewhat_worse,27.44
total,2026-09-10,ai_family_impact,"Thinking about families in America today, how is AI affecting each of the following? Household finances",Household finances,much_worse,14.25
total,2026-09-10,ai_family_impact,"Thinking about families in America today, how is AI affecting each of the following? Household finances",Household finances,no_effect,27.44
total,2026-09-10,ai_family_impact,"Thinking about families in America today, how is AI affecting each of the following? Household finances",Household finances,no_answer,2.72
total,2026-09-10,ai_regulation,"When it comes to each of the following issues, is the government doing too much, too little, or about the right amount in response? AI's effects on children and young people",AI's effects on children and young people,way_too_much,11.81
total,2026-09-10,ai_regulation,"When it comes to each of the following issues, is the government doing too much, too little, or about the right amount in response? AI's effects on children and young people",AI's effects on children and young people,somewhat_too_much,13.01
total,2026-09-10,ai_regulation,"When it comes to each of the following issues, is the government doing too much, too little, or about the right amount in response? AI's effects on children and young people",AI's effects on children and young people,right_amount,11.38
total,2026-09-10,ai_regulation,"When it comes to each of the following issues, is the government doing too much, too little, or about the right amount in response? AI's effects on children and young people",AI's effects on children and young people,somewhat_too_little,19.34
total,2026-09-10,ai_regulation,"When it comes to each of the following issues, is the government doing too much, too little, or about the right amount in response? AI's effects on children and young people",AI's effects on children and young people,way_too_little,30.3
total,2026-09-10,ai_regulation,"When it comes to each of the following issues, is the government doing too much, too little, or about the right amount in response? AI's effects on children and young people",AI's effects on children and young people,not_sure,12.71
total,2026-09-10,ai_regulation,"When it comes to each of the following issues, is the government doing too much, too little, or about the right amount in response? AI's effects on children and young people",AI's effects on children and young people,no_answer,1.45
total,2026-09-10,ai_regulation,"When it comes to each of the following issues, is the government doing too much, too little, or about the right amount in response? AI's environmental footprint, including from data centers","AI's environmental footprint, including from data centers",way_too_much,12.79
total,2026-09-10,ai_regulation,"When it comes to each of the following issues, is the government doing too much, too little, or about the right amount in response? AI's environmental footprint, including from data centers","AI's environmental footprint, including from data centers",somewhat_too_much,11.87
total,2026-09-10,ai_regulation,"When it comes to each of the following issues, is the government doing too much, too little, or about the right amount in response? AI's environmental footprint, including from data centers","AI's environmental footprint, including from data centers",right_amount,13.71
total,2026-09-10,ai_regulation,"When it comes to each of the following issues, is the government doing too much, too little, or about the right amount in response? AI's environmental footprint, including from data centers","AI's environmental footprint, including from data centers",somewhat_too_little,15.73
total,2026-09-10,ai_regulation,"When it comes to each of the following issues, is the government doing too much, too little, or about the right amount in response? AI's environmental footprint, including from data centers","AI's environmental footprint, including from data centers",way_too_little,32.6
total,2026-09-10,ai_regulation,"When it comes to each of the following issues, is the government doing too much, too little, or about the right amount in response? AI's environmental footprint, including from data centers","AI's environmental footprint, including from data centers",not_sure,11.93
total,2026-09-10,ai_regulation,"When it comes to each of the following issues, is the government doing too much, too little, or about the right amount in response? AI's environmental footprint, including from data centers","AI's environmental footprint, including from data centers",no_answer,1.37
total,2026-09-10,ai_regulation,"When it comes to each of the following issues, is the government doing too much, too little, or about the right amount in response? AI's effects on workers and jobs",AI's effects on workers and jobs,way_too_much,12.02
total,2026-09-10,ai_regulation,"When it comes to each of the following issues, is the government doing too much, too little, or about the right amount in response? AI's effects on workers and jobs",AI's effects on workers and jobs,somewhat_too_much,12.33
total,2026-09-10,ai_regulation,"When it comes to each of the following issues, is the government doing too much, too little, or about the right amount in response? AI's effects on workers and jobs",AI's effects on workers and jobs,right_amount,16.85
total,2026-09-10,ai_regulation,"When it comes to each of the following issues, is the government doing too much, too little, or about the right amount in response? AI's effects on workers and jobs",AI's effects on workers and jobs,somewhat_too_little,18.92
total,2026-09-10,ai_regulation,"When it comes to each of the following issues, is the government doing too much, too little, or about the right amount in response? AI's effects on workers and jobs",AI's effects on workers and jobs,way_too_little,25.56
total,2026-09-10,ai_regulation,"When it comes to each of the following issues, is the government doing too much, too little, or about the right amount in response? AI's effects on workers and jobs",AI's effects on workers and jobs,not_sure,12.95
total,2026-09-10,ai_regulation,"When it comes to each of the following issues, is the government doing too much, too little, or about the right amount in response? AI's effects on workers and jobs",AI's effects on workers and jobs,no_answer,1.38
total,2026-09-10,ai_regulation,"When it comes to each of the following issues, is the government doing too much, too little, or about the right amount in response? AI's effect on American competitiveness",AI's effect on American competitiveness,way_too_much,10.05
total,2026-09-10,ai_regulation,"When it comes to each of the following issues, is the government doing too much, too little, or about the right amount in response? AI's effect on American competitiveness",AI's effect on American competitiveness,somewhat_too_much,13.85
total,2026-09-10,ai_regulation,"When it comes to each of the following issues, is the government doing too much, too little, or about the right amount in response? AI's effect on American competitiveness",AI's effect on American competitiveness,right_amount,18.66
total,2026-09-10,ai_regulation,"When it comes to each of the following issues, is the government doing too much, too little, or about the right amount in response? AI's effect on American competitiveness",AI's effect on American competitiveness,somewhat_too_little,17.85
total,2026-09-10,ai_regulation,"When it comes to each of the following issues, is the government doing too much, too little, or about the right amount in response? AI's effect on American competitiveness",AI's effect on American competitiveness,way_too_little,16.86
total,2026-09-10,ai_regulation,"When it comes to each of the following issues, is the government doing too much, too little, or about the right amount in response? AI's effect on American competitiveness",AI's effect on American competitiveness,not_sure,21.43
total,2026-09-10,ai_regulation,"When it comes to each of the following issues, is the government doing too much, too little, or about the right amount in response? AI's effect on American competitiveness",AI's effect on American competitiveness,no_answer,1.3
total,2026-09-10,ai_risks,"Thinking about the next 20 years, how likely is each of the following to happen? AI becoming smarter than humans at most tasks",AI becoming smarter than humans at most tasks,already,31.6
total,2026-09-10,ai_risks,"Thinking about the next 20 years, how likely is each of the following to happen? AI becoming smarter than humans at most tasks",AI becoming smarter than humans at most tasks,likely,40.13
total,2026-09-10,ai_risks,"Thinking about the next 20 years, how likely is each of the following to happen? AI becoming smarter than humans at most tasks",AI becoming smarter than humans at most tasks,unlikely,12.58
total,2026-09-10,ai_risks,"Thinking about the next 20 years, how likely is each of the following to happen? AI becoming smarter than humans at most tasks",AI becoming smarter than humans at most tasks,not_at_all_likely,4.11
total,2026-09-10,ai_risks,"Thinking about the next 20 years, how likely is each of the following to happen? AI becoming smarter than humans at most tasks",AI becoming smarter than humans at most tasks,not_sure,9.56
total,2026-09-10,ai_risks,"Thinking about the next 20 years, how likely is each of the following to happen? AI becoming smarter than humans at most tasks",AI becoming smarter than humans at most tasks,no_answer,2.02
total,2026-09-10,ai_risks,"Thinking about the next 20 years, how likely is each of the following to happen? AI systems behaving in ways their developers did not intend",AI systems behaving in ways their developers did not intend,already,38.54
total,2026-09-10,ai_risks,"Thinking about the next 20 years, how likely is each of the following to happen? AI systems behaving in ways their developers did not intend",AI systems behaving in ways their developers did not intend,likely,39.76
total,2026-09-10,ai_risks,"Thinking about the next 20 years, how likely is each of the following to happen? AI systems behaving in ways their developers did not intend",AI systems behaving in ways their developers did not intend,unlikely,7.4
total,2026-09-10,ai_risks,"Thinking about the next 20 years, how likely is each of the following to happen? AI systems behaving in ways their developers did not intend",AI systems behaving in ways their developers did not intend,not_at_all_likely,2.26
total,2026-09-10,ai_risks,"Thinking about the next 20 years, how likely is each of the following to happen? AI systems behaving in ways their developers did not intend",AI systems behaving in ways their developers did not intend,not_sure,10.16
total,2026-09-10,ai_risks,"Thinking about the next 20 years, how likely is each of the following to happen? AI systems behaving in ways their developers did not intend",AI systems behaving in ways their developers did not intend,no_answer,1.88
total,2026-09-10,ai_risks,"Thinking about the next 20 years, how likely is each of the following to happen? AI making major scientific and medical breakthroughs",AI making major scientific and medical breakthroughs,already,23.07
total,2026-09-10,ai_risks,"Thinking about the next 20 years, how likely is each of the following to happen? AI making major scientific and medical breakthroughs",AI making major scientific and medical breakthroughs,likely,46.65
total,2026-09-10,ai_risks,"Thinking about the next 20 years, how likely is each of the following to happen? AI making major scientific and medical breakthroughs",AI making major scientific and medical breakthroughs,unlikely,11.0
total,2026-09-10,ai_risks,"Thinking about the next 20 years, how likely is each of the following to happen? AI making major scientific and medical breakthroughs",AI making major scientific and medical breakthroughs,not_at_all_likely,3.36
total,2026-09-10,ai_risks,"Thinking about the next 20 years, how likely is each of the following to happen? AI making major scientific and medical breakthroughs",AI making major scientific and medical breakthroughs,not_sure,13.94
total,2026-09-10,ai_risks,"Thinking about the next 20 years, how likely is each of the following to happen? AI making major scientific and medical breakthroughs",AI making major scientific and medical breakthroughs,no_answer,1.99
total,2026-09-10,ai_risks,"Thinking about the next 20 years, how likely is each of the following to happen? AI being used to create weapons of mass destruction",AI being used to create weapons of mass destruction,already,20.46
total,2026-09-10,ai_risks,"Thinking about the next 20 years, how likely is each of the following to happen? AI being used to create weapons of mass destruction",AI being used to create weapons of mass destruction,likely,50.69
total,2026-09-10,ai_risks,"Thinking about the next 20 years, how likely is each of the following to happen? AI being used to create weapons of mass destruction",AI being used to create weapons of mass destruction,unlikely,8.36
total,2026-09-10,ai_risks,"Thinking about the next 20 years, how likely is each of the following to happen? AI being used to create weapons of mass destruction",AI being used to create weapons of mass destruction,not_at_all_likely,3.24
total,2026-09-10,ai_risks,"Thinking about the next 20 years, how likely is each of the following to happen? AI being used to create weapons of mass destruction",AI being used to create weapons of mass destruction,not_sure,15.42
total,2026-09-10,ai_risks,"Thinking about the next 20 years, how likely is each of the following to happen? AI being used to create weapons of mass destruction",AI being used to create weapons of mass destruction,no_answer,1.83
